encounter_id,member_id,provider_npi,service_date,diagnosis_code,procedure_code,encounter_type,place_of_service
ENC001,MEM001,1234567890,2025-01-06,E11.9,99213,outpatient,11
ENC002,MEM002,1234567890,2025-01-07,I10,99214,outpatient,11
ENC003,MEM003,1234567890,2025-01-08,J06.9,99213,outpatient,11
ENC004,MEM004,1234567890,2025-01-09,R10.9,99283,emergency,23
ENC005,MEM005,1234567890,2025-01-10,J18.9,99222,inpatient,21
ENC006,MEM001,1234567890,2025-02-03,E11.9,99214,outpatient,11
ENC007,MEM006,1234567890,2025-02-04,M54.5,99213,outpatient,22
ENC008,MEM007,1234567890,2025-02-05,R51.9,99283,emergency,23
ENC009,MEM008,1234567890,2025-02-06,J18.9,99223,inpatient,21
ENC010,MEM002,1234567890,2025-02-07,I10,99213,outpatient,11
,MEM009,1234567890,2025-02-10,I10,99213,outpatient,11
ENC012,,1234567890,2025-02-11,I10,99213,outpatient,11
ENC013,MEM010,1234567890,2025-02-12,,99213,outpatient,11
ENC014,MEM011,1234567890,2025-02-13,123.4,99213,outpatient,11
ENC015,MEM012,1234567890,2025-02-14,I10,99A13,outpatient,11
ENC016,MEM013,12345,2025-02-17,I10,99213,outpatient,11
ENC017,MEM014,1234567890,,I10,99213,outpatient,11
ENC018,MEM015,1234567890,2025-02-30,I10,99213,outpatient,11
ENC019,MEM016,1234567890,2025-02-19,I10,99213,outpatient,11
ENC019,MEM016,1234567890,2025-02-20,I10,99213,outpatient,11
